Nombre,Descripcion,Latitud,Longitud,Color,Categoria_ABC,Score_Oportunidad,Score_Prioridad,Cluster,Venta_Anual,Frecuencia_Visita,Distancia_Base_km
EQUIPEL SRL,"Categoría: A | Score Prioridad: 99.5 | Cluster: 3 | Venta Anual: $13,853,749 | Frecuencia: 14 días | Distancia: 983.8 km",-38.9536357,-68.02700282040263,red,A,70,99.48695214836711,3,13853748.556800004,14,983.8487586952065
PAREDES ALEJANDRO WALTER,"Categoría: A | Score Prioridad: 98.5 | Cluster: 3 | Venta Anual: $8,667,987 | Frecuencia: 14 días | Distancia: 986.3 km",-38.951265,-68.059616,red,A,68,98.48646580951228,3,8667986.75152,14,986.256447852668
COMPLEMENTOS ELECTRICOS SRL,"Categoría: A | Score Prioridad: 98.5 | Cluster: 3 | Venta Anual: $6,481,389 | Frecuencia: 14 días | Distancia: 953.7 km",-39.036090200000004,-67.57864395592166,red,A,68,98.49325531374089,3,6481389.062399988,14,953.6648806343535
BUFFOLO ELECTRICIDAD SA,"Categoría: B | Score Prioridad: 69.6 | Cluster: 3 | Venta Anual: $6,057,184 | Frecuencia: 21 días | Distancia: 980.8 km",-38.93689965,-67.99784834785041,yellow,B,53,69.55900767018323,3,6057183.930000005,21,980.762069861021
PAREDES CARLOS ANDRES,"Categoría: B | Score Prioridad: 68.6 | Cluster: 3 | Venta Anual: $4,176,370 | Frecuencia: 21 días | Distancia: 987.4 km",-38.94924860408163,-68.07602743265306,yellow,B,51,68.55765848431794,3,4176369.6863999944,21,987.4284938168914
CABLERA DEL COMAHUE SRL,"Categoría: B | Score Prioridad: 68.6 | Cluster: 3 | Venta Anual: $2,813,668 | Frecuencia: 21 días | Distancia: 980.1 km",-38.93789885102041,-67.98852868163264,yellow,B,51,68.55914464005241,3,2813667.8883999954,21,980.0902710821381
STOP ELECTRICIDAD SOCIEDAD ANONIMA,"Categoría: C | Score Prioridad: 48.2 | Cluster: 3 | Venta Anual: $2,694,393 | Frecuencia: 30 días | Distancia: 987.0 km",-38.965606467741935,-68.05957543870969,green,C,36,48.200609218056826,3,2694392.8745000046,30,986.9631602040828
D ALLEVA S.R.L.,"Categoría: C | Score Prioridad: 48.2 | Cluster: 3 | Venta Anual: $2,369,437 | Frecuencia: 30 días | Distancia: 987.6 km",-38.95908765,-68.07211551914432,green,C,36,48.20047888530598,3,2369437.16816307,30,987.6112930533927
TODO LUZ S.A.,"Categoría: C | Score Prioridad: 48.2 | Cluster: 3 | Venta Anual: $1,105,620 | Frecuencia: 30 días | Distancia: 951.6 km",-39.006985,-67.571402,green,C,36,48.20799039718497,3,1105620.1728000003,30,951.5828552994687
DA ROS TERESA/DA ROS FERNAN SH,Categoría: C | Score Prioridad: 46.7 | Cluster: 3 | Venta Anual: $0 | Frecuencia: 30 días | Distancia: 984.9 km,-38.829237417488635,-68.11794799288212,green,C,33,46.70103398078158,3,0.0,30,984.8566865285097
BLACK HALL NESTOR L.,Categoría: C | Score Prioridad: 46.7 | Cluster: 3 | Venta Anual: $0 | Frecuencia: 30 días | Distancia: 829.3 km,-39.29115031836735,-65.6617817367347,green,C,33,46.73829491300052,3,0.0,30,829.2961372178328
CARLOS ISLA Y CIA S.A.,Categoría: C | Score Prioridad: 46.7 | Cluster: 3 | Venta Anual: $0 | Frecuencia: 30 días | Distancia: 919.0 km,-39.100186,-67.0720886,green,C,33,46.71528222646846,3,0.0,30,919.01306011578
DOMENE REQUENA FELIX,Categoría: C | Score Prioridad: 46.7 | Cluster: 3 | Venta Anual: $0 | Frecuencia: 30 días | Distancia: 986.9 km,-38.953721,-68.066408,green,C,33,46.700621132970944,3,0.0,30,986.9039504375947
GARCIA BIBIANA INES,Categoría: C | Score Prioridad: 46.8 | Cluster: 3 | Venta Anual: $0 | Frecuencia: 30 días | Distancia: 703.8 km,-38.990394934693875,-64.09818953877551,green,C,33,46.78018535864046,3,0.0,30,703.8131734308273
FUNES BUSTINGORRY ELIDA,Categoría: C | Score Prioridad: 46.7 | Cluster: 3 | Venta Anual: $0 | Frecuencia: 30 días | Distancia: 986.2 km,-38.94775355,-68.0614161138082,green,C,33,46.700758378551704,3,0.0,30,986.2224313765856
ELEKTRA.NQN SRL,Categoría: C | Score Prioridad: 46.7 | Cluster: 3 | Venta Anual: $0 | Frecuencia: 30 días | Distancia: 987.0 km,-38.9580628,-68.0650436,green,C,33,46.70059920211639,3,0.0,30,987.0129386853363
MARTI ELBA CRISTINA,Categoría: C | Score Prioridad: 46.7 | Cluster: 3 | Venta Anual: $0 | Frecuencia: 30 días | Distancia: 988.7 km,-38.95662485276382,-68.08710191909547,green,C,33,46.700270241997785,3,0.0,30,988.6506133158425
PERSOLIA NERIO LUIS,Categoría: C | Score Prioridad: 46.7 | Cluster: 3 | Venta Anual: $0 | Frecuencia: 30 días | Distancia: 985.6 km,-38.936443,-68.060513,green,C,33,46.700884995084735,3,0.0,30,985.5945187226849
SUR LUZ SRL,Categoría: C | Score Prioridad: 46.7 | Cluster: 3 | Venta Anual: $0 | Frecuencia: 30 días | Distancia: 986.5 km,-38.95911355,-68.05716552481671,green,C,33,46.70071153228103,3,0.0,30,986.4549506800278
