Nombre,Descripcion,Latitud,Longitud,Color,Categoria_ABC,Score_Oportunidad,Score_Prioridad,Cluster,Venta_Anual,Frecuencia_Visita,Distancia_Base_km
LAUTREC ILUMINACION S.R.L.,"Categoría: B | Score Prioridad: 68.5 | Cluster: 1 | Venta Anual: $3,421,846 | Frecuencia: 21 días | Distancia: 1074.8 km",-42.76775035714286,-65.0394376734694,yellow,B,51,68.54150987091651,1,3421846.1502,21,1074.7927506463911
Centro Electrico SAS,"Categoría: C | Score Prioridad: 48.2 | Cluster: 1 | Venta Anual: $1,912,021 | Frecuencia: 30 días | Distancia: 1131.4 km",-43.248002331037554,-65.31168715619997,green,C,36,48.175226543032565,1,1912021.0847999998,30,1131.3795908923955
VALLE INFERIOR S.A.,"Categoría: C | Score Prioridad: 48.2 | Cluster: 1 | Venta Anual: $1,395,586 | Frecuencia: 30 días | Distancia: 799.9 km",-40.811599065306126,-62.99216667142857,green,C,36,48.246953500617586,1,1395585.9616,30,799.8690623936875
CENTRO LUZ- VICTOR H ECHALDE A,Categoría: C | Score Prioridad: 46.7 | Cluster: 1 | Venta Anual: $0 | Frecuencia: 30 días | Distancia: 1127.1 km,-43.30252920408164,-65.10403584489796,green,C,33,46.675881937035726,1,0.0,30,1127.1264347593105
CASERTA JUAN PABLO,Categoría: C | Score Prioridad: 46.7 | Cluster: 1 | Venta Anual: $0 | Frecuencia: 30 días | Distancia: 1075.3 km,-42.772968414285714,-65.04025925918367,green,C,33,46.6842793491845,1,0.0,30,1075.3088036454826
ABASTECEDORA PATAGONICA SH,Categoría: C | Score Prioridad: 46.7 | Cluster: 1 | Venta Anual: $0 | Frecuencia: 30 días | Distancia: 1074.4 km,-42.7647327,-65.0379071,green,C,33,46.684426050735695,1,0.0,30,1074.4454956454522
CERRA JOSE JOAQUIN,Categoría: C | Score Prioridad: 46.7 | Cluster: 1 | Venta Anual: $0 | Frecuencia: 30 días | Distancia: 1132.6 km,-43.25661627142857,-65.32043641020408,green,C,33,46.67504397988253,1,0.0,30,1132.5699994608092
DISTRIMAX S.R.L.,Categoría: C | Score Prioridad: 46.7 | Cluster: 1 | Venta Anual: $0 | Frecuencia: 30 días | Distancia: 1075.3 km,-42.77344412857143,-65.03995650408163,green,C,33,46.684274326025154,1,0.0,30,1075.3383882282867
GRUPO MELECSUR S.R.L.,Categoría: C | Score Prioridad: 46.7 | Cluster: 1 | Venta Anual: $0 | Frecuencia: 30 días | Distancia: 1074.8 km,-42.768329967346936,-65.03799249183675,green,C,33,46.6843693529188,1,0.0,30,1074.7789875798187
FORTE SOCIEDAD ANONIMA,Categoría: C | Score Prioridad: 46.6 | Cluster: 1 | Venta Anual: $0 | Frecuencia: 30 días | Distancia: 1473.7 km,-45.89378055940319,-67.53833689889325,green,C,33,46.634794486704564,1,0.0,30,1473.7402099267022
FERRETERIA ARGENTINA SRL,Categoría: C | Score Prioridad: 46.7 | Cluster: 1 | Venta Anual: $0 | Frecuencia: 30 días | Distancia: 1127.1 km,-43.301980748979595,-65.10530460612244,green,C,33,46.67588116782597,1,0.0,30,1127.131407939543
ELECTROSUR SRL,Categoría: C | Score Prioridad: 46.7 | Cluster: 1 | Venta Anual: $0 | Frecuencia: 30 días | Distancia: 1132.0 km,-43.255968,-65.3102363,green,C,33,46.675124103254156,1,0.0,30,1132.0472469728547
HOMERO Y CIA SRL EN FORMACION,Categoría: C | Score Prioridad: 46.6 | Cluster: 1 | Venta Anual: $0 | Frecuencia: 30 días | Distancia: 1473.7 km,-45.89378055940319,-67.53833689889325,green,C,33,46.634794486704564,1,0.0,30,1473.7402099267022
WEINSTEIN PED/W GUS/W JUAN SH,Categoría: C | Score Prioridad: 46.6 | Cluster: 1 | Venta Anual: $0 | Frecuencia: 30 días | Distancia: 1469.3 km,-45.86396738571429,-67.49876305714285,green,C,33,46.6352017912055,1,0.0,30,1469.2703426244034
