Nombre,Descripcion,Latitud,Longitud,Color,Categoria_ABC,Score_Oportunidad,Score_Prioridad,Cluster,Venta_Anual,Frecuencia_Visita,Distancia_Base_km
DISTRIBUIDORA BANDY S.A.S.,"Categoría: A | Score Prioridad: 98.4 | Cluster: 0 | Venta Anual: $9,382,284 | Frecuencia: 14 días | Distancia: 1329.0 km",-41.07181442994665,-71.15222761498866,red,A,68,98.43507688538384,0,9382283.500000004,14,1329.023292594528
ENERGIA SRL (EN FORMACION),"Categoría: A | Score Prioridad: 98.4 | Cluster: 0 | Venta Anual: $8,894,229 | Frecuencia: 14 días | Distancia: 1342.8 km",-41.138217508984766,-71.29125888767268,red,A,68,98.43355732035026,0,8894229.055,14,1342.7860848666344
ELECTROLUM S.A,"Categoría: B | Score Prioridad: 68.5 | Cluster: 0 | Venta Anual: $4,170,246 | Frecuencia: 21 días | Distancia: 1298.5 km",-40.154472355102044,-71.35047828163266,yellow,B,51,68.50999130319408,0,4170245.65744,21,1298.4856612344145
MUEBLELUZ   SA.,"Categoría: B | Score Prioridad: 68.5 | Cluster: 0 | Venta Anual: $4,166,180 | Frecuencia: 21 días | Distancia: 1449.6 km",-42.914985,-71.319819,yellow,B,51,68.49416734849892,0,4166179.7460999996,21,1449.5930845697198
DIAZ VICTOR ADRIAN,Categoría: C | Score Prioridad: 46.6 | Cluster: 0 | Venta Anual: $0 | Frecuencia: 30 días | Distancia: 1344.1 km,-41.15,-71.3,green,C,33,46.64770433676395,0,0.0,30,1344.0563830541214
CENTRO ELECTRICO BARILOCHE S.R.L.,Categoría: C | Score Prioridad: 46.6 | Cluster: 0 | Venta Anual: $0 | Frecuencia: 30 días | Distancia: 1343.0 km,-41.13259977555683,-71.29788872809978,green,C,33,46.647822445164365,0,0.0,30,1342.9745078808157
ALONSO RAMIRO ANDRES,Categoría: C | Score Prioridad: 46.6 | Cluster: 0 | Venta Anual: $0 | Frecuencia: 30 días | Distancia: 1349.8 km,-40.75997125306122,-71.64578144693878,green,C,33,46.64707675084906,0,0.0,30,1349.8342283564555
GALLE PABLO ALBERTO,Categoría: C | Score Prioridad: 46.6 | Cluster: 0 | Venta Anual: $0 | Frecuencia: 30 días | Distancia: 1405.9 km,-41.9595687,-71.5342548,green,C,33,46.641249628428874,0,0.0,30,1405.9329282816987
MARCIANI VERONICA,Categoría: C | Score Prioridad: 46.6 | Cluster: 0 | Venta Anual: $0 | Frecuencia: 30 días | Distancia: 1350.1 km,-40.75984198571428,-71.64898721428571,green,C,33,46.647051250264305,0,0.0,30,1350.0700411627142
RODRIGUEZ ROBERTO CRISTIAN-TOD,Categoría: C | Score Prioridad: 46.6 | Cluster: 0 | Venta Anual: $0 | Frecuencia: 30 días | Distancia: 1343.3 km,-41.1378897755102,-71.29848314285714,green,C,33,46.64778692011575,0,0.0,30,1343.2997361563002
