Nombre,Descripcion,Latitud,Longitud,Color,Categoria_ABC,Score_Oportunidad,Score_Prioridad,Cluster,Venta_Anual,Frecuencia_Visita,Distancia_Base_km
ED-MAR ELECTRICIDAD S.A.,"Categoría: A | Score Prioridad: 99.6 | Cluster: 2 | Venta Anual: $65,368,177 | Frecuencia: 14 días | Distancia: 573.6 km",-38.72977174285714,-62.25552328571429,red,A,70,99.62843291627622,2,65368177.02067199,14,573.5690918584337
CHIAPPA CRISTIAN DARIO,"Categoría: A | Score Prioridad: 99.8 | Cluster: 2 | Venta Anual: $17,182,441 | Frecuencia: 14 días | Distancia: 410.2 km",-38.2610265,-57.8396667,red,A,70,99.76172364222091,2,17182441.341179997,14,410.1598083444683
NUEVO SUR S.A.,"Categoría: A | Score Prioridad: 110.7 | Cluster: 2 | Venta Anual: $7,068,851 | Frecuencia: 14 días | Distancia: 6.2 km",-34.65284,-58.37927,red,A,68,110.65114745766458,2,7068851.001360001,14,6.1741200020132965
DIELSA SA,Categoría: C | Score Prioridad: 55.0 | Cluster: 2 | Venta Anual: $0 | Frecuencia: 30 días | Distancia: 13.6 km,-34.633603,-58.5426528,green,C,33,54.98234495543011,2,0.0,30,13.578385582157553
MANCINI ALEJANDRO DAMIAN,Categoría: C | Score Prioridad: 46.8 | Cluster: 2 | Venta Anual: $0 | Frecuencia: 30 días | Distancia: 573.8 km,-38.716509228571425,-62.2812114,green,C,33,46.84259164819832,2,0.0,30,573.7853930526107
