Nombre,Descripcion,Latitud,Longitud,Color,Categoria_ABC,Score_Oportunidad,Score_Prioridad,Cluster,Venta_Anual,Frecuencia_Visita,Distancia_Base_km
ED-MAR ELECTRICIDAD S.A.,"Categoría: A | Score Prioridad: 99.6 | Cluster: 2 | Venta Anual: $65,368,177 | Frecuencia: 14 días | Distancia: 573.6 km",-38.72977174285714,-62.25552328571429,red,A,70,99.62843291627622,2,65368177.02067199,14,573.5690918584337
CHIAPPA CRISTIAN DARIO,"Categoría: A | Score Prioridad: 99.8 | Cluster: 2 | Venta Anual: $17,182,441 | Frecuencia: 14 días | Distancia: 410.2 km",-38.2610265,-57.8396667,red,A,70,99.76172364222091,2,17182441.341179997,14,410.1598083444683
EQUIPEL SRL,"Categoría: A | Score Prioridad: 99.5 | Cluster: 3 | Venta Anual: $13,853,749 | Frecuencia: 14 días | Distancia: 983.8 km",-38.9536357,-68.02700282040263,red,A,70,99.48695214836711,3,13853748.556800004,14,983.8487586952065
DISTRIBUIDORA BANDY S.A.S.,"Categoría: A | Score Prioridad: 98.4 | Cluster: 0 | Venta Anual: $9,382,284 | Frecuencia: 14 días | Distancia: 1329.0 km",-41.07181442994665,-71.15222761498866,red,A,68,98.43507688538384,0,9382283.500000004,14,1329.023292594528
ENERGIA SRL (EN FORMACION),"Categoría: A | Score Prioridad: 98.4 | Cluster: 0 | Venta Anual: $8,894,229 | Frecuencia: 14 días | Distancia: 1342.8 km",-41.138217508984766,-71.29125888767268,red,A,68,98.43355732035026,0,8894229.055,14,1342.7860848666344
PAREDES ALEJANDRO WALTER,"Categoría: A | Score Prioridad: 98.5 | Cluster: 3 | Venta Anual: $8,667,987 | Frecuencia: 14 días | Distancia: 986.3 km",-38.951265,-68.059616,red,A,68,98.48646580951228,3,8667986.75152,14,986.256447852668
NUEVO SUR S.A.,"Categoría: A | Score Prioridad: 110.7 | Cluster: 2 | Venta Anual: $7,068,851 | Frecuencia: 14 días | Distancia: 6.2 km",-34.65284,-58.37927,red,A,68,110.65114745766458,2,7068851.001360001,14,6.1741200020132965
COMPLEMENTOS ELECTRICOS SRL,"Categoría: A | Score Prioridad: 98.5 | Cluster: 3 | Venta Anual: $6,481,389 | Frecuencia: 14 días | Distancia: 953.7 km",-39.036090200000004,-67.57864395592166,red,A,68,98.49325531374089,3,6481389.062399988,14,953.6648806343535
BUFFOLO ELECTRICIDAD SA,"Categoría: B | Score Prioridad: 69.6 | Cluster: 3 | Venta Anual: $6,057,184 | Frecuencia: 21 días | Distancia: 980.8 km",-38.93689965,-67.99784834785041,yellow,B,53,69.55900767018323,3,6057183.930000005,21,980.762069861021
PAREDES CARLOS ANDRES,"Categoría: B | Score Prioridad: 68.6 | Cluster: 3 | Venta Anual: $4,176,370 | Frecuencia: 21 días | Distancia: 987.4 km",-38.94924860408163,-68.07602743265306,yellow,B,51,68.55765848431794,3,4176369.6863999944,21,987.4284938168914
ELECTROLUM S.A,"Categoría: B | Score Prioridad: 68.5 | Cluster: 0 | Venta Anual: $4,170,246 | Frecuencia: 21 días | Distancia: 1298.5 km",-40.154472355102044,-71.35047828163266,yellow,B,51,68.50999130319408,0,4170245.65744,21,1298.4856612344145
MUEBLELUZ   SA.,"Categoría: B | Score Prioridad: 68.5 | Cluster: 0 | Venta Anual: $4,166,180 | Frecuencia: 21 días | Distancia: 1449.6 km",-42.914985,-71.319819,yellow,B,51,68.49416734849892,0,4166179.7460999996,21,1449.5930845697198
LAUTREC ILUMINACION S.R.L.,"Categoría: B | Score Prioridad: 68.5 | Cluster: 1 | Venta Anual: $3,421,846 | Frecuencia: 21 días | Distancia: 1074.8 km",-42.76775035714286,-65.0394376734694,yellow,B,51,68.54150987091651,1,3421846.1502,21,1074.7927506463911
CABLERA DEL COMAHUE SRL,"Categoría: B | Score Prioridad: 68.6 | Cluster: 3 | Venta Anual: $2,813,668 | Frecuencia: 21 días | Distancia: 980.1 km",-38.93789885102041,-67.98852868163264,yellow,B,51,68.55914464005241,3,2813667.8883999954,21,980.0902710821381
STOP ELECTRICIDAD SOCIEDAD ANONIMA,"Categoría: C | Score Prioridad: 48.2 | Cluster: 3 | Venta Anual: $2,694,393 | Frecuencia: 30 días | Distancia: 987.0 km",-38.965606467741935,-68.05957543870969,green,C,36,48.200609218056826,3,2694392.8745000046,30,986.9631602040828
D ALLEVA S.R.L.,"Categoría: C | Score Prioridad: 48.2 | Cluster: 3 | Venta Anual: $2,369,437 | Frecuencia: 30 días | Distancia: 987.6 km",-38.95908765,-68.07211551914432,green,C,36,48.20047888530598,3,2369437.16816307,30,987.6112930533927
Centro Electrico SAS,"Categoría: C | Score Prioridad: 48.2 | Cluster: 1 | Venta Anual: $1,912,021 | Frecuencia: 30 días | Distancia: 1131.4 km",-43.248002331037554,-65.31168715619997,green,C,36,48.175226543032565,1,1912021.0847999998,30,1131.3795908923955
VALLE INFERIOR S.A.,"Categoría: C | Score Prioridad: 48.2 | Cluster: 1 | Venta Anual: $1,395,586 | Frecuencia: 30 días | Distancia: 799.9 km",-40.811599065306126,-62.99216667142857,green,C,36,48.246953500617586,1,1395585.9616,30,799.8690623936875
TODO LUZ S.A.,"Categoría: C | Score Prioridad: 48.2 | Cluster: 3 | Venta Anual: $1,105,620 | Frecuencia: 30 días | Distancia: 951.6 km",-39.006985,-67.571402,green,C,36,48.20799039718497,3,1105620.1728000003,30,951.5828552994687
DIAZ VICTOR ADRIAN,Categoría: C | Score Prioridad: 46.6 | Cluster: 0 | Venta Anual: $0 | Frecuencia: 30 días | Distancia: 1344.1 km,-41.15,-71.3,green,C,33,46.64770433676395,0,0.0,30,1344.0563830541214
DA ROS TERESA/DA ROS FERNAN SH,Categoría: C | Score Prioridad: 46.7 | Cluster: 3 | Venta Anual: $0 | Frecuencia: 30 días | Distancia: 984.9 km,-38.829237417488635,-68.11794799288212,green,C,33,46.70103398078158,3,0.0,30,984.8566865285097
CENTRO LUZ- VICTOR H ECHALDE A,Categoría: C | Score Prioridad: 46.7 | Cluster: 1 | Venta Anual: $0 | Frecuencia: 30 días | Distancia: 1127.1 km,-43.30252920408164,-65.10403584489796,green,C,33,46.675881937035726,1,0.0,30,1127.1264347593105
DIELSA SA,Categoría: C | Score Prioridad: 55.0 | Cluster: 2 | Venta Anual: $0 | Frecuencia: 30 días | Distancia: 13.6 km,-34.633603,-58.5426528,green,C,33,54.98234495543011,2,0.0,30,13.578385582157553
CASA LUMAR SRL,Categoría: C | Score Prioridad: 46.6 | Cluster: 4 | Venta Anual: $0 | Frecuencia: 30 días | Distancia: 2375.8 km,-54.817828132653055,-68.3364301755102,green,C,33,46.58382913904857,4,0.0,30,2375.8052494626163
CASERTA JUAN PABLO,Categoría: C | Score Prioridad: 46.7 | Cluster: 1 | Venta Anual: $0 | Frecuencia: 30 días | Distancia: 1075.3 km,-42.772968414285714,-65.04025925918367,green,C,33,46.6842793491845,1,0.0,30,1075.3088036454826
CENTRO ELECTRICO BARILOCHE S.R.L.,Categoría: C | Score Prioridad: 46.6 | Cluster: 0 | Venta Anual: $0 | Frecuencia: 30 días | Distancia: 1343.0 km,-41.13259977555683,-71.29788872809978,green,C,33,46.647822445164365,0,0.0,30,1342.9745078808157
BLACK HALL NESTOR L.,Categoría: C | Score Prioridad: 46.7 | Cluster: 3 | Venta Anual: $0 | Frecuencia: 30 días | Distancia: 829.3 km,-39.29115031836735,-65.6617817367347,green,C,33,46.73829491300052,3,0.0,30,829.2961372178328
CARLOS ISLA Y CIA S.A.,Categoría: C | Score Prioridad: 46.7 | Cluster: 3 | Venta Anual: $0 | Frecuencia: 30 días | Distancia: 919.0 km,-39.100186,-67.0720886,green,C,33,46.71528222646846,3,0.0,30,919.01306011578
ABASTECEDORA PATAGONICA SH,Categoría: C | Score Prioridad: 46.7 | Cluster: 1 | Venta Anual: $0 | Frecuencia: 30 días | Distancia: 1074.4 km,-42.7647327,-65.0379071,green,C,33,46.684426050735695,1,0.0,30,1074.4454956454522
ALONSO RAMIRO ANDRES,Categoría: C | Score Prioridad: 46.6 | Cluster: 0 | Venta Anual: $0 | Frecuencia: 30 días | Distancia: 1349.8 km,-40.75997125306122,-71.64578144693878,green,C,33,46.64707675084906,0,0.0,30,1349.8342283564555
CERRA JOSE JOAQUIN,Categoría: C | Score Prioridad: 46.7 | Cluster: 1 | Venta Anual: $0 | Frecuencia: 30 días | Distancia: 1132.6 km,-43.25661627142857,-65.32043641020408,green,C,33,46.67504397988253,1,0.0,30,1132.5699994608092
ELECTRO RIO SRL,Categoría: C | Score Prioridad: 46.6 | Cluster: 4 | Venta Anual: $0 | Frecuencia: 30 días | Distancia: 2081.2 km,-51.6190543,-69.2235685,green,C,33,46.59563759976939,4,0.0,30,2081.227723011223
DOMENE REQUENA FELIX,Categoría: C | Score Prioridad: 46.7 | Cluster: 3 | Venta Anual: $0 | Frecuencia: 30 días | Distancia: 986.9 km,-38.953721,-68.066408,green,C,33,46.700621132970944,3,0.0,30,986.9039504375947
DISTRIMAX S.R.L.,Categoría: C | Score Prioridad: 46.7 | Cluster: 1 | Venta Anual: $0 | Frecuencia: 30 días | Distancia: 1075.3 km,-42.77344412857143,-65.03995650408163,green,C,33,46.684274326025154,1,0.0,30,1075.3383882282867
GRUPO MELECSUR S.R.L.,Categoría: C | Score Prioridad: 46.7 | Cluster: 1 | Venta Anual: $0 | Frecuencia: 30 días | Distancia: 1074.8 km,-42.768329967346936,-65.03799249183675,green,C,33,46.6843693529188,1,0.0,30,1074.7789875798187
GARCIA BIBIANA INES,Categoría: C | Score Prioridad: 46.8 | Cluster: 3 | Venta Anual: $0 | Frecuencia: 30 días | Distancia: 703.8 km,-38.990394934693875,-64.09818953877551,green,C,33,46.78018535864046,3,0.0,30,703.8131734308273
GALLE PABLO ALBERTO,Categoría: C | Score Prioridad: 46.6 | Cluster: 0 | Venta Anual: $0 | Frecuencia: 30 días | Distancia: 1405.9 km,-41.9595687,-71.5342548,green,C,33,46.641249628428874,0,0.0,30,1405.9329282816987
FUNES BUSTINGORRY ELIDA,Categoría: C | Score Prioridad: 46.7 | Cluster: 3 | Venta Anual: $0 | Frecuencia: 30 días | Distancia: 986.2 km,-38.94775355,-68.0614161138082,green,C,33,46.700758378551704,3,0.0,30,986.2224313765856
FORTE SOCIEDAD ANONIMA,Categoría: C | Score Prioridad: 46.6 | Cluster: 1 | Venta Anual: $0 | Frecuencia: 30 días | Distancia: 1473.7 km,-45.89378055940319,-67.53833689889325,green,C,33,46.634794486704564,1,0.0,30,1473.7402099267022
FERRETERIA ARGENTINA SRL,Categoría: C | Score Prioridad: 46.7 | Cluster: 1 | Venta Anual: $0 | Frecuencia: 30 días | Distancia: 1127.1 km,-43.301980748979595,-65.10530460612244,green,C,33,46.67588116782597,1,0.0,30,1127.131407939543
ELECTROSUR SRL,Categoría: C | Score Prioridad: 46.7 | Cluster: 1 | Venta Anual: $0 | Frecuencia: 30 días | Distancia: 1132.0 km,-43.255968,-65.3102363,green,C,33,46.675124103254156,1,0.0,30,1132.0472469728547
ELEKTRA.NQN SRL,Categoría: C | Score Prioridad: 46.7 | Cluster: 3 | Venta Anual: $0 | Frecuencia: 30 días | Distancia: 987.0 km,-38.9580628,-68.0650436,green,C,33,46.70059920211639,3,0.0,30,987.0129386853363
MARTI ELBA CRISTINA,Categoría: C | Score Prioridad: 46.7 | Cluster: 3 | Venta Anual: $0 | Frecuencia: 30 días | Distancia: 988.7 km,-38.95662485276382,-68.08710191909547,green,C,33,46.700270241997785,3,0.0,30,988.6506133158425
HOMERO Y CIA SRL EN FORMACION,Categoría: C | Score Prioridad: 46.6 | Cluster: 1 | Venta Anual: $0 | Frecuencia: 30 días | Distancia: 1473.7 km,-45.89378055940319,-67.53833689889325,green,C,33,46.634794486704564,1,0.0,30,1473.7402099267022
MANCINI ALEJANDRO DAMIAN,Categoría: C | Score Prioridad: 46.8 | Cluster: 2 | Venta Anual: $0 | Frecuencia: 30 días | Distancia: 573.8 km,-38.716509228571425,-62.2812114,green,C,33,46.84259164819832,2,0.0,30,573.7853930526107
MARCIANI VERONICA,Categoría: C | Score Prioridad: 46.6 | Cluster: 0 | Venta Anual: $0 | Frecuencia: 30 días | Distancia: 1350.1 km,-40.75984198571428,-71.64898721428571,green,C,33,46.647051250264305,0,0.0,30,1350.0700411627142
RODRIGUEZ ROBERTO CRISTIAN-TOD,Categoría: C | Score Prioridad: 46.6 | Cluster: 0 | Venta Anual: $0 | Frecuencia: 30 días | Distancia: 1343.3 km,-41.1378897755102,-71.29848314285714,green,C,33,46.64778692011575,0,0.0,30,1343.2997361563002
PERSOLIA NERIO LUIS,Categoría: C | Score Prioridad: 46.7 | Cluster: 3 | Venta Anual: $0 | Frecuencia: 30 días | Distancia: 985.6 km,-38.936443,-68.060513,green,C,33,46.700884995084735,3,0.0,30,985.5945187226849
SUR LUZ SRL,Categoría: C | Score Prioridad: 46.7 | Cluster: 3 | Venta Anual: $0 | Frecuencia: 30 días | Distancia: 986.5 km,-38.95911355,-68.05716552481671,green,C,33,46.70071153228103,3,0.0,30,986.4549506800278
WEINSTEIN PED/W GUS/W JUAN SH,Categoría: C | Score Prioridad: 46.6 | Cluster: 1 | Venta Anual: $0 | Frecuencia: 30 días | Distancia: 1469.3 km,-45.86396738571429,-67.49876305714285,green,C,33,46.6352017912055,1,0.0,30,1469.2703426244034
